INSERT INTO dim_store (store_code, store_name, store_location)
VALUES 
('ST001', 'Boston Central', GEOGRAPHY::Point(42.3601, -71.0589, 4326)),
('ST002', 'Denver West', GEOGRAPHY::Point(39.7392, -104.9903, 4326)),
('ST003', 'Seattle North', GEOGRAPHY::Point(47.6062, -122.3321, 4326));


INSERT INTO dim_product (product_id, product_name, restock_date, restock_priority_level)
VALUES 
(101, 'Wireless Mouse', '2025-09-01 08:00', 2),
(102, 'Mechanical Keyboard', '2025-09-03 09:30', 1),
(103, 'USB-C Hub', '2025-09-05 10:15', 3);



INSERT INTO fact_sales (sale, unit_price, sale_date, sale_timestamp, store_id, product_id)
VALUES
(74.07, 89.77, '2025-09-08 16:58:00.000', '2025-09-08T16:58:00-05:00', 'ST003', 103),
(190.19, 41.5, '2025-09-08 14:07:00.000', '2025-09-08T14:07:00-05:00', 'ST003', 102),
(44.66, 45.22, '2025-09-08 18:06:00.000', '2025-09-08T18:06:00-05:00', 'ST002', 103),
(127.84, 76.08, '2025-09-08 18:26:00.000', '2025-09-08T18:26:00-04:00', 'ST001', 103),
(93.92, 82.98, '2025-09-08 17:18:00.000', '2025-09-08T17:18:00-04:00', 'ST001', 102),
(25.11, 50.7, '2025-09-08 17:07:00.000', '2025-09-08T17:07:00-05:00', 'ST001', 101),
(109.67, 14.59, '2025-09-08 18:51:00.000', '2025-09-08T18:51:00-05:00', 'ST001', 101),
(82.86, 54.67, '2025-09-08 14:36:00.000', '2025-09-08T14:36:00-06:00', 'ST001', 102),
(72.71, 96.19, '2025-09-08 18:16:00.000', '2025-09-08T18:16:00-04:00', 'ST003', 101),
(21.56, 87.19, '2025-09-08 16:42:00.000', '2025-09-08T16:42:00-05:00', 'ST003', 103),
(159.68, 35.5, '2025-09-08 16:59:00.000', '2025-09-08T16:59:00-04:00', 'ST001', 103),
(76.48, 36.13, '2025-09-08 16:50:00.000', '2025-09-08T16:50:00-06:00', 'ST002', 103),
(83.14, 93.14, '2025-09-08 14:00:00.000', '2025-09-08T14:00:00-04:00', 'ST002', 102),
(67.61, 28.2, '2025-09-08 15:00:00.000', '2025-09-08T15:00:00-05:00', 'ST002', 103),
(98.66, 70.8, '2025-09-08 17:33:00.000', '2025-09-08T17:33:00-04:00', 'ST003', 101),
(144.04, 65.11, '2025-09-08 16:23:00.000', '2025-09-08T16:23:00-06:00', 'ST003', 103),
(102.87, 60.33, '2025-09-08 17:04:00.000', '2025-09-08T17:04:00-06:00', 'ST001', 103),
(28.79, 50.61, '2025-09-08 17:14:00.000', '2025-09-08T17:14:00-04:00', 'ST002', 101),
(124.57, 33.13, '2025-09-08 15:03:00.000', '2025-09-08T15:03:00-06:00', 'ST001', 101),
(82.81, 21.16, '2025-09-08 17:05:00.000', '2025-09-08T17:05:00-06:00', 'ST002', 103),
(72.01, 27.72, '2025-09-08 17:18:00.000', '2025-09-08T17:18:00-06:00', 'ST003', 102),
(115.71, 65.61, '2025-09-08 17:53:00.000', '2025-09-08T17:53:00-06:00', 'ST003', 103),
(129.19, 13.34, '2025-09-08 17:55:00.000', '2025-09-08T17:55:00-05:00', 'ST003', 101),
(28.82, 15.16, '2025-09-08 17:34:00.000', '2025-09-08T17:34:00-05:00', 'ST003', 103),
(105.48, 73.25, '2025-09-08 16:16:00.000', '2025-09-08T16:16:00-04:00', 'ST002', 102),
(83.71, 93.82, '2025-09-08 17:15:00.000', '2025-09-08T17:15:00-04:00', 'ST003', 101),
(185.98, 15.4, '2025-09-08 17:33:00.000', '2025-09-08T17:33:00-06:00', 'ST003', 102),
(109.84, 15.62, '2025-09-08 17:01:00.000', '2025-09-08T17:01:00-04:00', 'ST003', 103),
(170.47, 51.94, '2025-09-08 18:25:00.000', '2025-09-08T18:25:00-05:00', 'ST002', 103),
(153.57, 95.81, '2025-09-08 15:04:00.000', '2025-09-08T15:04:00-04:00', 'ST001', 101);


